Subtype,Accuracy,Precision,Recall,F1 Score,Unseen-subtype recall,FN,FP,FNR %,FPR %,Model size (KB),us/file,Top-5 features,n_train,n_test,Paper Accuracy,Δ vs paper
Reconyc,0.9982704514656586,0.9989643966717852,0.9975750659724699,0.998269247925774,0.9975476053087132,68,29,0.2425,0.1034,169.09,1.23,"svcscan.kernel_drivers, dlllist.avg_dlls_per_proc, svcscan.shared_process_services, svcscan.nservices, handles.nmutant",2512,56084,0.9967,0.0016
Gator,0.9980935434672089,0.9989088131524388,0.9972764906674414,0.9980919845178172,0.9972322680640637,75,30,0.2724,0.1089,144.18,1.01,"handles.avg_handles_per_proc, svcscan.kernel_drivers, svcscan.shared_process_services, dlllist.avg_dlls_per_proc, svcscan.nservices",3520,55076,,
TIBS,0.9974263400780973,0.9974086826878705,0.997444089456869,0.9974263857581512,0.9974182444061962,72,73,0.2556,0.2591,107.32,1.01,"svcscan.kernel_drivers, svcscan.shared_process_services, dlllist.ndlls, handles.nmutant, svcscan.nservices",2256,56340,,
Transponder,0.9973693825356229,0.9956670550538887,0.9990865911582024,0.9973738921107342,0.9992189824457007,25,119,0.0913,0.4348,346.88,1.23,"svcscan.kernel_drivers, svcscan.shared_process_services, handles.avg_handles_per_proc, svcscan.nservices, handles.nevent",3856,54740,0.9984,-0.001
Emotet,0.9973669023228972,0.9974386724386725,0.9972947626605108,0.9973667123584157,0.9972558633054042,75,71,0.2705,0.2561,136.04,1.24,"svcscan.kernel_drivers, dlllist.avg_dlls_per_proc, svcscan.shared_process_services, svcscan.nservices, handles.avg_handles_per_proc",3148,55448,0.9901,0.0073
Pysa,0.9972962326314282,0.9978489226687699,0.9967411545623837,0.9972947309959331,0.9967006272433921,91,60,0.3259,0.2149,110.95,1.0,"svcscan.kernel_drivers, dlllist.avg_dlls_per_proc, svcscan.nservices, handles.avg_handles_per_proc, svcscan.shared_process_services",2748,55848,0.9974,-0.0001
Maze,0.9971693350641858,0.9975820130643474,0.9967546516659455,0.9971681607474613,0.9967081199707388,90,67,0.3245,0.2416,111.55,1.04,"svcscan.kernel_drivers, svcscan.shared_process_services, svcscan.nservices, dlllist.avg_dlls_per_proc, handles.nhandles",3132,55464,0.9953,0.0019
180solutions,0.9971117048162322,0.997578779994218,0.9966423568488699,0.9971103485642044,0.9965931570078393,93,67,0.3358,0.2419,117.82,1.04,"svcscan.kernel_drivers, dlllist.avg_dlls_per_proc, svcscan.shared_process_services, svcscan.nservices, dlllist.ndlls",3200,55396,,
Conti,0.9940811318030893,0.9966262787491837,0.9915186949617439,0.9940659261135434,0.9913950933723911,235,93,0.8481,0.3356,137.11,1.02,"svcscan.kernel_drivers, dlllist.avg_dlls_per_proc, svcscan.shared_process_services, handles.nkey, dlllist.ndlls",3180,55416,0.9962,-0.0021
Shade,0.9918104073054066,0.9993744940760909,0.9842368459196985,0.9917479095921422,0.9839896945160103,435,17,1.5763,0.0616,138.71,1.02,"svcscan.kernel_drivers, dlllist.avg_dlls_per_proc, svcscan.shared_process_services, svcscan.nservices, handles.avg_handles_per_proc",3404,55192,0.9905,0.0013
CWS,0.9917503068813632,0.9991205247535637,0.9843671023178568,0.9916889446596469,0.9841380320902631,433,24,1.5633,0.0866,121.13,1.03,"svcscan.kernel_drivers, handles.avg_handles_per_proc, svcscan.shared_process_services, dlllist.avg_dlls_per_proc, svcscan.nservices",3200,55396,,
Scar,0.9885912340241173,0.9988204939181717,0.9783377861217416,0.9884730429707449,0.9780203677925122,600,32,2.1662,0.1155,111.55,1.03,"handles.avg_handles_per_proc, svcscan.kernel_drivers, svcscan.shared_process_services, svcscan.nservices, dlllist.avg_dlls_per_proc",3200,55396,0.981,0.0076
Ako,0.9841685320239728,0.9993669707689443,0.9689508267744964,0.9839238905284768,0.968495860502601,860,17,3.1049,0.0614,106.87,1.01,"svcscan.kernel_drivers, dlllist.avg_dlls_per_proc, svcscan.shared_process_services, svcscan.nservices, handles.avg_handles_per_proc",3200,55396,0.9844,-0.0002
Refroso,0.9796736226442342,0.9993235117257967,0.9599971117048163,0.9792656428387286,0.9594109458568393,1108,18,4.0003,0.065,98.71,1.01,"handles.avg_handles_per_proc, dlllist.avg_dlls_per_proc, svcscan.shared_process_services, svcscan.kernel_drivers, svcscan.nservices",3200,55396,0.981,-0.0013
Zeus,0.9795046506597448,0.9993242482261516,0.9596582305861995,0.9790896551724138,0.959082931110136,1119,18,4.0342,0.0649,72.53,1.01,"handles.avg_handles_per_proc, svcscan.kernel_drivers, dlllist.avg_dlls_per_proc, svcscan.shared_process_services, svcscan.nservices",3120,55476,0.98,-0.0005
