,180solutions,Ako,CWS,Conti,Emotet,Gator,Maze,Pysa,Reconyc,Refroso,Scar,Shade,TIBS,Transponder,Zeus
180solutions,1.0,1.0,0.9995,0.994466800804829,1.0,0.9986363636363637,1.0,1.0,0.9936305732484076,0.998,1.0,0.9985902255639098,1.0,0.975103734439834,0.9994871794871795
Ako,0.9855,1.0,0.983,0.9904426559356136,0.9949161159125572,0.9913636363636363,0.9719101123595506,0.9935934769947583,0.9821656050955414,0.998,0.997,0.9967105263157895,0.6453900709219859,0.9452282157676348,0.9969230769230769
CWS,0.9945,1.0,1.0,0.9934607645875252,0.9969496695475343,0.9959090909090909,0.9969356486210419,0.9970879440885265,0.9904458598726115,1.0,1.0,1.0,0.7872340425531915,0.9717842323651452,1.0
Conti,0.999,1.0,0.965,1.0,0.9984748347737672,0.9981818181818182,0.9989785495403473,0.9953407105416424,0.989171974522293,1.0,0.9975,1.0,0.9638297872340426,0.9738589211618257,0.9948717948717949
Emotet,1.0,1.0,1.0,0.9969818913480886,1.0,1.0,1.0,1.0,0.9942675159235669,1.0,1.0,1.0,1.0,0.975103734439834,1.0
Gator,1.0,1.0,1.0,0.9969818913480886,1.0,1.0,1.0,1.0,0.9942675159235669,1.0,1.0,1.0,1.0,0.975103734439834,1.0
Maze,1.0,1.0,1.0,0.994466800804829,1.0,0.9986363636363637,1.0,1.0,0.9942675159235669,0.998,1.0,0.9985902255639098,1.0,0.975103734439834,1.0
Pysa,1.0,1.0,1.0,0.994466800804829,1.0,0.9986363636363637,1.0,1.0,0.9936305732484076,0.998,1.0,0.9985902255639098,1.0,0.975103734439834,1.0
Reconyc,1.0,1.0,1.0,0.9969818913480886,1.0,0.9990909090909091,0.9989785495403473,1.0,1.0,1.0,1.0,1.0,1.0,0.9759336099585062,1.0
Refroso,0.9355,0.986,0.99,0.9723340040241448,0.9898322318251144,0.9927272727272727,0.9708886618998979,0.9895165987186954,0.956687898089172,1.0,0.997,0.9760338345864662,0.6460992907801418,0.9414937759336099,1.0
Scar,0.9615,0.994,0.9935,0.9733400402414487,0.9928825622775801,0.9963636363636363,0.9969356486210419,0.9959231217239372,0.9681528662420382,1.0,1.0,0.9840225563909775,0.823404255319149,0.9680497925311203,1.0
Shade,0.9945,1.0,1.0,0.9959758551307847,0.9969496695475343,0.9954545454545455,0.9959141981613892,0.9970879440885265,0.9904458598726115,1.0,1.0,1.0,0.7865248226950354,0.9705394190871369,1.0
TIBS,1.0,1.0,1.0,0.9984909456740443,1.0,1.0,1.0,1.0,0.9942675159235669,1.0,1.0,1.0,1.0,0.975103734439834,1.0
Transponder,1.0,1.0,1.0,0.994466800804829,1.0,0.9986363636363637,1.0,1.0,1.0,0.998,1.0,0.9985902255639098,1.0,0.991701244813278,1.0
Zeus,0.9335,0.986,0.9895,0.9723340040241448,0.9898322318251144,0.9927272727272727,0.9708886618998979,0.9889341875364007,0.9560509554140127,1.0,0.997,0.9760338345864662,0.6439716312056738,0.9410788381742738,1.0
