Subtype,Classifier,Accuracy,F1,Unseen recall
180solutions,Random Forest,0.9971117048162322,0.9971103485642044,0.9965931570078393
180solutions,XGBoost,0.9949635352733049,0.9949554305964887,0.9932595794563704
180solutions,Extra Trees,0.9974366380244061,0.9974310731601418,0.9952011136346985
180solutions,Gradient Boosting,0.9948191205141166,0.9948092817999312,0.9928199868122207
180solutions,MLP,0.9906491443425518,0.9906572397373927,0.9914645761594256
Ako,Random Forest,0.9841685320239728,0.9839238905284768,0.968495860502601
Ako,XGBoost,0.9851794353382916,0.9849652974893329,0.9705106601216207
Ako,Extra Trees,0.9917142031915662,0.9916492313290276,0.9836984394461132
Ako,Gradient Boosting,0.9837352877464077,0.9834766821324433,0.9676166752143014
Ako,MLP,0.9833200953137411,0.9830911686125242,0.9693384130705546
CWS,Random Forest,0.9917503068813632,0.9916889446596469,0.9841380320902631
CWS,XGBoost,0.9861361831179146,0.9859592672492595,0.9731482159865191
CWS,Extra Trees,0.9917142031915662,0.9916492313290276,0.9836984394461132
CWS,Gradient Boosting,0.9865152718607841,0.9863509291234994,0.9741006667155103
CWS,MLP,0.9817495848075674,0.9816131672274256,0.9741372994358561
Conti,Random Forest,0.9940811318030893,0.9940659261135434,0.9913950933723911
Conti,XGBoost,0.9935939078966364,0.993581050537926,0.9914683266202856
Conti,Extra Trees,0.9947848996679659,0.9947734876571118,0.9924935920908092
Conti,Gradient Boosting,0.9894434820268515,0.9893537643997161,0.9807396558037349
Conti,MLP,0.9873321784322218,0.9872590656648155,0.9813255217868913
Emotet,Random Forest,0.9973669023228972,0.9973667123584157,0.9972558633054042
Emotet,XGBoost,0.9957076900880104,0.9957047464356614,0.9949507884819436
Emotet,Extra Trees,0.998394892511903,0.9983931247404626,0.9972558633054042
Emotet,Gradient Boosting,0.9983407877651133,0.9983389304156285,0.9971826863268816
Emotet,MLP,0.9830291444236041,0.982808075271764,0.969777907870184
Gator,Random Forest,0.9980935434672089,0.9980919845178172,0.9972322680640637
Gator,XGBoost,0.998220640569395,0.9982189589997092,0.9972322680640637
Gator,Extra Trees,0.9983477376715811,0.9983460259183191,0.9972691711565429
Gator,Gradient Boosting,0.9932093833974871,0.9931716935660556,0.9875267547420474
Gator,MLP,0.9829145181204154,0.9826923430631426,0.9697394641670972
Maze,Random Forest,0.9971693350641858,0.9971681607474613,0.9967081199707388
Maze,XGBoost,0.9973856916197894,0.9973839464520902,0.9966715435259693
Maze,Extra Trees,0.997061156786384,0.9970546249616017,0.9947695683979517
Maze,Gradient Boosting,0.9965563248233088,0.9965545233155948,0.9959765910753475
Maze,MLP,0.9889117265253137,0.9888645458002137,0.9848207754206291
Pysa,Random Forest,0.9972962326314282,0.9972947309959331,0.9967006272433921
Pysa,XGBoost,0.9975469130497063,0.9975434381107784,0.9961567745912041
Pysa,Extra Trees,0.9983884830253545,0.998386749838675,0.9972807367390595
Pysa,Gradient Boosting,0.9969023062598482,0.9968993637422708,0.9959029766868497
Pysa,MLP,0.9826135224179917,0.9824135620234365,0.9709220115296763
Reconyc,Random Forest,0.9982704514656586,0.998269247925774,0.9975476053087132
Reconyc,XGBoost,0.9984309250410099,0.9984303652968036,0.9980525100980958
Reconyc,Extra Trees,0.9982526210683974,0.9982516858743354,0.9976918638199653
Reconyc,Gradient Boosting,0.9983239426574424,0.998322985798901,0.9977279284477785
Reconyc,MLP,0.9871264531773768,0.9870937756962569,0.9845282746682055
Refroso,Random Forest,0.9796736226442342,0.9792656428387286,0.9594109458568393
Refroso,XGBoost,0.9851252798035959,0.9849084249084249,0.9703274965198916
Refroso,Extra Trees,0.9822189327749296,0.9819063539006961,0.9644296285442157
Refroso,Gradient Boosting,0.9791320672972778,0.9787006669860339,0.9582753315261191
Refroso,MLP,0.9833200953137411,0.9830886928511292,0.9691918821891714
Scar,Random Forest,0.9885912340241173,0.9884730429707449,0.9780203677925122
Scar,XGBoost,0.9845837244566394,0.9843635564669694,0.9700710674774708
Scar,Extra Trees,0.991641995811972,0.991575844689871,0.9835519085647301
Scar,Gradient Boosting,0.9909740775507256,0.9908998252766453,0.9825628251153931
Scar,MLP,0.9828326955014802,0.9826101267211585,0.9696314748333211
Shade,Random Forest,0.9918104073054066,0.9917479095921422,0.9839896945160103
Shade,XGBoost,0.9851065371793013,0.984890261387449,0.970334928229665
Shade,Extra Trees,0.9917741701695898,0.9917098824044993,0.9837688627162311
Shade,Gradient Boosting,0.9911762574286128,0.991105835083554,0.982995951417004
Shade,MLP,0.9833309175242789,0.9831025236013665,0.969377990430622
TIBS,Random Forest,0.9974263400780973,0.9974263857581512,0.9974182444061962
TIBS,XGBoost,0.9970536031238907,0.9970547532025124,0.9974182444061962
TIBS,Extra Trees,0.9978345757898474,0.9978334221275085,0.9972748135398738
TIBS,Gradient Boosting,0.9979410720624778,0.997939096755854,0.9969520940906483
TIBS,MLP,0.9856052538161164,0.9856913495298082,0.9915375788869765
Transponder,Random Forest,0.9973693825356229,0.9973738921107342,0.9992189824457007
Transponder,XGBoost,0.9972963098282791,0.9973032069970845,1.0
Transponder,Extra Trees,0.998867373036171,0.9988684892506479,0.9999628086878906
Transponder,Gradient Boosting,0.9968396054073804,0.9968473804100227,0.9994421303183576
Transponder,MLP,0.9843259042747534,0.9845176657403731,0.9971362689675691
Zeus,Random Forest,0.9795046506597448,0.9790896551724138,0.959082931110136
Zeus,XGBoost,0.9795407022856731,0.9791287398172156,0.9592291940909756
Zeus,Extra Trees,0.9824068065469753,0.9821035646178671,0.9649700160889279
Zeus,Gradient Boosting,0.9793604441560314,0.9789394301690364,0.9587904051484569
Zeus,MLP,0.9829475809359002,0.98272398553636,0.9696138657305836
