Subtype,Default accuracy,Tuned accuracy,Δ accuracy,Default unseen recall,Tuned unseen recall,Δ unseen recall,Default F1,Tuned F1,Best params
CWS,0.9917503068813632,0.9976893638529858,0.005939056971622558,0.9841380320902631,0.9974357095757931,0.013297677485530013,0.9916889446596469,0.9976888632095913,"{'n_estimators': 100, 'min_samples_split': 10, 'min_samples_leaf': 2, 'max_features': 'sqrt', 'max_depth': 5, 'criterion': 'entropy', 'class_weight': None}"
Scar,0.9885912340241173,0.9943497725467543,0.005758538522636969,0.9780203677925122,0.9907685544728552,0.012748186680342943,0.9884730429707449,0.9943302237116203,"{'n_estimators': 200, 'min_samples_split': 10, 'min_samples_leaf': 1, 'max_features': 'sqrt', 'max_depth': 10, 'criterion': 'entropy', 'class_weight': 'balanced'}"
Conti,0.9940811318030893,0.9954345315432366,0.0013533997401472542,0.9913950933723911,0.9958989381179055,0.004503844745514463,0.9940659261135434,0.9954369194697448,"{'n_estimators': 500, 'min_samples_split': 2, 'min_samples_leaf': 4, 'max_features': 'sqrt', 'max_depth': 30, 'criterion': 'entropy', 'class_weight': 'balanced'}"
Ako,0.9841685320239728,0.985161383493393,0.0009928514694201862,0.968495860502601,0.970620558282658,0.002124697780057083,0.9839238905284768,0.9849489141978247,"{'n_estimators': 200, 'min_samples_split': 10, 'min_samples_leaf': 1, 'max_features': 'sqrt', 'max_depth': 10, 'criterion': 'entropy', 'class_weight': 'balanced'}"
Maze,0.9971693350641858,0.9977823453050627,0.0006130102408768989,0.9967081199707388,0.9966715435259693,-3.6576444769509386e-05,0.9971681607474613,0.9977799837559786,"{'n_estimators': 200, 'min_samples_split': 10, 'min_samples_leaf': 1, 'max_features': None, 'max_depth': None, 'criterion': 'entropy', 'class_weight': None}"
Pysa,0.9972962326314282,0.9976722532588455,0.0003760206274172617,0.9967006272433921,0.9974620209564555,0.0007613937130633852,0.9972947309959331,0.9976718363838246,"{'n_estimators': 100, 'min_samples_split': 5, 'min_samples_leaf': 2, 'max_features': 'log2', 'max_depth': 5, 'criterion': 'entropy', 'class_weight': 'balanced'}"
Refroso,0.9796736226442342,0.9800346595422053,0.00036103689797106764,0.9594109458568393,0.9601436002637556,0.0007326544069162777,0.9792656428387286,0.9796414239958767,"{'n_estimators': 500, 'min_samples_split': 2, 'min_samples_leaf': 4, 'max_features': 'sqrt', 'max_depth': 30, 'criterion': 'entropy', 'class_weight': 'balanced'}"
Gator,0.9980935434672089,0.9980572300094415,-3.63134577674451e-05,0.9972322680640637,0.9973429773415012,0.00011070927743750403,0.9980919845178172,0.9980559239811769,"{'n_estimators': 100, 'min_samples_split': 5, 'min_samples_leaf': 2, 'max_features': 'log2', 'max_depth': 5, 'criterion': 'entropy', 'class_weight': 'balanced'}"
Zeus,0.9795046506597448,0.9793604441560314,-0.0001442065037133844,0.959082931110136,0.9587904051484569,-0.00029252596167905764,0.9790896551724138,0.9789394301690364,"{'n_estimators': 200, 'min_samples_split': 2, 'min_samples_leaf': 4, 'max_features': None, 'max_depth': None, 'criterion': 'entropy', 'class_weight': 'balanced'}"
Emotet,0.9973669023228972,0.9970783436733516,-0.0002885586495455783,0.9972558633054042,0.996194797116827,-0.0010610661885771533,0.9973667123584157,0.9970759178369012,"{'n_estimators': 300, 'min_samples_split': 2, 'min_samples_leaf': 1, 'max_features': None, 'max_depth': 30, 'criterion': 'gini', 'class_weight': 'balanced'}"
Reconyc,0.9982704514656586,0.9978425219313887,-0.00042792953426995517,0.9975476053087132,0.9978721869590306,0.000324581650317346,0.998269247925774,0.9978426373312889,"{'n_estimators': 100, 'min_samples_split': 5, 'min_samples_leaf': 2, 'max_features': 'log2', 'max_depth': 5, 'criterion': 'entropy', 'class_weight': 'balanced'}"
Shade,0.9918104073054066,0.99132120597188,-0.0004892013335265899,0.9839896945160103,0.982995951417004,-0.000993743099006239,0.9917479095921422,0.9912506621367381,"{'n_estimators': 300, 'min_samples_split': 2, 'min_samples_leaf': 1, 'max_features': None, 'max_depth': 30, 'criterion': 'gini', 'class_weight': 'balanced'}"
180solutions,0.9971117048162322,0.9964437865549859,-0.0006679182612463475,0.9965931570078393,0.9967030551688768,0.00010989816103745831,0.9971103485642044,0.9964448775558082,"{'n_estimators': 200, 'min_samples_split': 2, 'min_samples_leaf': 4, 'max_features': None, 'max_depth': None, 'criterion': 'entropy', 'class_weight': 'balanced'}"
Transponder,0.9973693825356229,0.9963463646328097,-0.001023017902813228,0.9992189824457007,0.9992561737578102,3.719131210944138e-05,0.9973738921107342,0.9963564818188443,"{'n_estimators': 100, 'min_samples_split': 2, 'min_samples_leaf': 2, 'max_features': None, 'max_depth': None, 'criterion': 'gini', 'class_weight': 'balanced'}"
TIBS,0.9974263400780973,0.9961838835640753,-0.0012424565140219945,0.9974182444061962,0.9974899598393574,7.171543316120133e-05,0.9974263857581512,0.9961889568377205,"{'n_estimators': 500, 'min_samples_split': 2, 'min_samples_leaf': 4, 'max_features': 'sqrt', 'max_depth': 30, 'criterion': 'entropy', 'class_weight': 'balanced'}"
